{"v":"5.6.4","fr":29.9700012207031,"ip":0,"op":61.0000024845809,"w":1920,"h":1080,"nm":"Parto","ddd":0,"assets":[{"id":"image_0","w":1092,"h":315,"u":"images/","p":"img_0.png","e":0}],"layers":[{"ddd":0,"ind":1,"ty":2,"nm":"Layer 2","refId":"image_0","sr":1,"ks":{"o":{"a":0,"k":100,"ix":11},"r":{"a":0,"k":0,"ix":10},"p":{"a":0,"k":[960,540,0],"ix":2},"a":{"a":0,"k":[545.686,157.063,0],"ix":1},"s":{"a":0,"k":[100,100,100],"ix":6}},"ao":0,"ef":[{"ty":5,"nm":"Zoom - 3D tumble","np":5,"mn":"ADBE CM Zoom3DTumble","ix":1,"en":1,"ef":[{"ty":0,"nm":"Transition Completion","mn":"ADBE CM Zoom3DTumble-0001","ix":1,"v":{"a":1,"k":[{"i":{"x":[0.667],"y":[1]},"o":{"x":[0.167],"y":[0.167]},"t":0,"s":[0]},{"t":30.0200012227397,"s":[100]}],"ix":1}},{"ty":0,"nm":"X tumble","mn":"ADBE CM Zoom3DTumble-0002","ix":2,"v":{"a":0,"k":60,"ix":2}},{"ty":0,"nm":"Y tumble","mn":"ADBE CM Zoom3DTumble-0003","ix":3,"v":{"a":0,"k":360,"ix":3}}]},{"ty":5,"nm":"(Basic 3D)","np":7,"mn":"ADBE Basic 3D","ix":2,"en":1,"ef":[{"ty":0,"nm":"Swivel","mn":"ADBE Basic 3D-0001","ix":1,"v":{"a":0,"k":0,"ix":1,"x":"var $bm_rt;\nvar transComplete, targetRotation;\ntransComplete = effect('Zoom - 3D tumble')('Transition Completion');\ntargetRotation = effect('Zoom - 3D tumble')('Y tumble');\n$bm_rt = linear(transComplete, 0, 100, targetRotation, 0);"}},{"ty":0,"nm":"Tilt","mn":"ADBE Basic 3D-0002","ix":2,"v":{"a":0,"k":0,"ix":2,"x":"var $bm_rt;\nvar transComplete, targetRotation;\ntransComplete = effect('Zoom - 3D tumble')('Transition Completion');\ntargetRotation = effect('Zoom - 3D tumble')('X tumble');\n$bm_rt = linear(transComplete, 0, 100, targetRotation, 0);"}},{"ty":0,"nm":"Distance to Image","mn":"ADBE Basic 3D-0003","ix":3,"v":{"a":0,"k":0,"ix":3}},{"ty":7,"nm":"Specular Highlight","mn":"ADBE Basic 3D-0004","ix":4,"v":{"a":0,"k":0,"ix":4}},{"ty":7,"nm":"Preview","mn":"ADBE Basic 3D-0005","ix":5,"v":{"a":0,"k":0,"ix":5}}]},{"ty":5,"nm":"(Transform)","np":14,"mn":"ADBE Geometry2","ix":3,"en":1,"ef":[{"ty":3,"nm":"Anchor Point","mn":"ADBE Geometry2-0001","ix":1,"v":{"a":0,"k":[276.412,106.312],"ix":1,"x":"var $bm_rt;\n$bm_rt = $bm_transform.anchorPoint;"}},{"ty":3,"nm":"Position","mn":"ADBE Geometry2-0002","ix":2,"v":{"a":0,"k":[276.412,106.312],"ix":2,"x":"var $bm_rt;\n$bm_rt = $bm_transform.anchorPoint;"}},{"ty":7,"nm":"Uniform Scale","mn":"ADBE Geometry2-0011","ix":3,"v":{"a":0,"k":1,"ix":3}},{"ty":0,"nm":"Scale","mn":"ADBE Geometry2-0003","ix":4,"v":{"a":0,"k":100,"ix":4,"x":"var $bm_rt;\nvar transComplete;\ntransComplete = effect('Zoom - 3D tumble')('Transition Completion');\n$bm_rt = linear(transComplete, 0, 100, 0, 100);"}},{"ty":0,"nm":" ","mn":"ADBE Geometry2-0004","ix":5,"v":{"a":0,"k":100,"ix":5}},{"ty":0,"nm":"Skew","mn":"ADBE Geometry2-0005","ix":6,"v":{"a":0,"k":0,"ix":6}},{"ty":0,"nm":"Skew Axis","mn":"ADBE Geometry2-0006","ix":7,"v":{"a":0,"k":0,"ix":7}},{"ty":0,"nm":"Rotation","mn":"ADBE Geometry2-0007","ix":8,"v":{"a":0,"k":0,"ix":8}},{"ty":0,"nm":"Opacity","mn":"ADBE Geometry2-0008","ix":9,"v":{"a":0,"k":100,"ix":9}},{"ty":7,"nm":"Use Composition’s Shutter Angle","mn":"ADBE Geometry2-0009","ix":10,"v":{"a":0,"k":1,"ix":10}},{"ty":0,"nm":"Shutter Angle","mn":"ADBE Geometry2-0010","ix":11,"v":{"a":0,"k":0,"ix":11}},{"ty":7,"nm":"Sampling","mn":"ADBE Geometry2-0012","ix":12,"v":{"a":0,"k":1,"ix":12}}]}],"ip":0,"op":900.000036657751,"st":0,"bm":0}],"markers":[]}